No,Name,Floor,Cabinet,Loop,IP,ID,Port,Interval
1,MDB1,4,,DML-1-S,192.168.1.86,3,502,
2,MDB2,4,,DML-1-S,192.168.1.86,4,502,
3,MDB3,4,,DML-1-S,192.168.1.86,5,502,
4,MDB4,4,,DML-1-S,192.168.1.86,6,502,
5,MDB5,4,,DML-1-S,192.168.1.86,7,502,
6,MDB6,4,,DML-1-S,192.168.1.86,8,502,
7,EMDB1,4,,DML-1-S,192.168.1.86,9,502,
8,EMDB2,4,,DML-1-S,192.168.1.86,10,502,
9,LP4-LTG-S,4,,DML-1-S,192.168.1.86,21,502,
10,EP6-S,4,EDB4-S(DM),DML-1-S,192.168.1.86,20,502,
11,EP5-S,4,EDB4-S(DM),DML-1-S,192.168.1.86,19,502,
12,EP4-S,4,EDB4-S(DM),DML-1-S,192.168.1.86,18,502,
13,EP2-S,4,EDB4-S(DM),DML-1-S,192.168.1.86,17,502,
14,EPB1-S,4,EDB4-S(DM),DML-1-S,192.168.1.86,16,502,
15,EDB4-S,4,EDB4-S(DM),DML-1-S,192.168.1.86,15,502,
16,LP6-S,4,DB3-S(DM),DML-1-S,192.168.1.86,14,502,
17,LP5-S,4,DB3-S(DM),DML-1-S,192.168.1.86,13,502,
18,LP4-S,4,DB3-S(DM),DML-1-S,192.168.1.86,12,502,
19,DB4-S,4,DB3-S(DM),DML-1-S,192.168.1.86,11,502,10Sec
20,LP5-LTG-S,5,,DML-1-S,192.168.1.86,2,502,
21,EP5-LTG-S,5,,DML-1-S,192.168.1.86,1,502,
22,EP2-LTG-S,2,,DML-1-S,192.168.1.86,22,502,
23,EPB1-LTG-S,1,,DML-1-S,192.168.1.86,23,502,
24,LP6-LTG-S,6,,DML-2-S,192.168.1.86,24,502,
25,EP6-LTG-S,6,,DML-2-S,192.168.1.86,25,502,
26,LP7-LTG-S,7,,DML-2-S,192.168.1.86,,502,
27,EP7-LTG-S,7,,DML-2-S,192.168.1.86,27,502,
28,EDB7-S,7,EDB7-S(DM),DML-2-S,192.168.1.86,28,502,
29,EP7-S,7,EDB7-S(DM),DML-2-S,192.168.1.86,29,502,
30,EP8-S,7,EDB7-S(DM),DML-2-S,192.168.1.86,30,502,
31,EP9-S,7,EDB7-S(DM),DML-2-S,192.168.1.86,31,502,
32,DB7-S,7,DB7-S(DM),DML-2-S,192.168.1.86,32,502,
33,LP7/1-S,7,DB7-S(DM),DML-2-S,192.168.1.86,33,502,
34,LP7/2-S,7,DB7-S(DM),DML-2-S,192.168.1.86,34,502,
35,LP7/3-S,7,DB7-S(DM),DML-2-S,192.168.1.86,35,502,
36,LP8/1-S,7,DB7-S(DM),DML-2-S,192.168.1.86,36,502,
37,LP8/2-S,7,DB7-S(DM),DML-2-S,192.168.1.86,37,502,
,LP9-LTG-S,,,,192.168.1.86,45,502,
38,LP9/S,7,DB7-S(DM),DML-2-S,192.168.1.86,38,502,
39,LP8-LTG-S,8,,DML-2-S,192.168.1.86,39,502,
40,EP8-LTG-S,8,,DML-2-S,192.168.1.86,40,502,
41,A/C 1-1,9,AMCC-01(DM),DML-2-S,192.168.1.86,41,502,
42,A/C 1-2,9,AMCC-02(DM),DML-2-S,192.168.1.86,42,502,
,A/C 2-1,,,,192.168.1.86,43,502,
,A/C 2-2,,,,192.168.1.86,44,502,
44,DBG-H,G,,DML-1-H,192.168.1.98,1,502,
45,LPG-H,G,DBG-H(DM),DML-1-H,192.168.1.98,2,502,
46,LPB1-H,G,DBG-H(DM),DML-1-H,192.168.1.98,3,502,
47,LPB2-H,G,DBG-H(DM),DML-1-H,192.168.1.98,4,502,
48,LPG-LTG-H,G,,DML-1-H,192.168.1.98,5,502,
49,EDBG-H,G,EDBG-H(DM),DML-1-H,192.168.1.98,6,502,
50,EPG-H,G,EDBG-H(DM),DML-1-H,192.168.1.98,7,502,
51,EPB1-H,G,EDBG-H(DM),DML-1-H,192.168.1.98,8,502,
52,EPB2-H,G,EDBG-H(DM),DML-1-H,192.168.1.98,9,502,
53,EPG-LTG-H,G,,DML-1-H,192.168.1.98,10,502,
54,DB1/1-H,1,DB1/1-H(DM),DML-1-H,192.168.1.98,11,502,
55,LP1/1-H,1,DB1/1-H(DM),DML-1-H,192.168.1.98,12,502,
56,LP1/2-H,1,DB1/1-H(DM),DML-1-H,192.168.1.98,13,502,
57,LP1/3-H,1,DB1/1-H(DM),DML-1-H,192.168.1.98,14,502,
58,LP1/3-LTG-H,1,,DML-1-H,192.168.1.98,15,502,
59,EDB1/1-H,1,EDB1/1-H(DM),DML-1-H,192.168.1.98,16,502,
60,EP1/1-H,1,EDB1/1-H(DM),DML-1-H,192.168.1.98,17,502,
61,EP1/2-H,1,EDB1/1-H(DM),DML-1-H,192.168.1.98,18,502,
62,EP1/1-LTG-H,1,,DML-1-H,192.168.1.98,19,502,
63,EP1/2-LTG-H,1,,DML-1-H,192.168.1.98,20,502,
64,DB1/2-H,1,DB1/2-H(DM),DML-1-H,192.168.1.98,21,502,
65,LP1/4-H,1,DB1/2-H(DM),DML-1-H,192.168.1.98,22,502,
66,LP1/2-OAU,1,DB1/2-H(DM),DML-1-H,192.168.1.98,23,502,
67,EDB1/2-H,1,EDB1/2-H(DM),DML-1-H,192.168.1.98,24,502,
68,EP1/3,1,EDB1/2-H(DM),DML-1-H,192.168.1.98,25,502,
69,EP1/4,1,EDB1/2-H(DM),DML-1-H,192.168.1.98,26,502,
70,DB2/1-H,2,DB2/1-H(DM),DML-2-H,192.168.1.98,27,502,
71,LP2/1-H,2,DB2/1-H(DM),DML-2-H,192.168.1.98,28,502,
72,LP2/2-H,2,DB2/1-H(DM),DML-2-H,192.168.1.98,29,502,
73,LP2/3-H,2,DB2/1-H(DM),DML-2-H,192.168.1.98,30,502,
74,LP2/3-LTG-H,2,,DML-2-H,192.168.1.98,31,502,
75,EDB2/1-H,2,EDB2/1-H(DM),DML-2-H,192.168.1.98,32,502,
76,EP2/1-H,2,EDB2/1-H(DM),DML-2-H,192.168.1.98,33,502,
77,EP2/2-H,2,EDB2/1-H(DM),DML-2-H,192.168.1.98,34,502,
78,EP2/1-LTG-H,2,,DML-2-H,192.168.1.98,35,502,
79,EP2/2-LTG-H,2,,DML-2-H,192.168.1.98,36,502,
80,DB2/2-H,2,DB2/2-H(DM),DML-2-H,192.168.1.98,37,502,
81,LP2/4-H,2,DB2/2-H(DM),DML-2-H,192.168.1.98,38,502,
82,LP2/5-H,2,DB2/2-H(DM),DML-2-H,192.168.1.98,39,502,
83,EDB2/2-H,2,EDB2/2-H(DM),DML-2-H,192.168.1.98,40,502,
84,EP2/3,2,EDB2/2-H(DM),DML-2-H,192.168.1.98,41,502,
85,EP2/4,2,EDB2/2-H(DM),DML-2-H,192.168.1.98,42,502,
86,EP2U-H,2,,DML-2-H,192.168.1.98,43,502,
87,DBX2-H,2,,DML-2-H,192.168.1.98,44,502,
88,EDBX2-H,2,,DML-2-H,192.168.1.98,45,502,
89,DB2-OAU,2,DB2-OAU(DM),DML-2-H,192.168.1.98,46,502,
93,DB3-H,3,DB3-H(DM),DML-3-H,192.168.1.97,1,502,
94,LP3/1-H,3,DB3-H(DM),DML-3-H,192.168.1.97,2,502,
95,LP3/2-H,3,DB3-H(DM),DML-3-H,192.168.1.97,3,502,
96,LP3/3-H,3,DB3-H(DM),DML-3-H,192.168.1.97,4,502,
97,LP3/4-H,3,DB3-H(DM),DML-3-H,192.168.1.97,5,502,
98,LP3/5-H,3,DB3-H(DM),DML-3-H,192.168.1.97,6,502,
99,LP3/1-LTG-H,3,,DML-3-H,192.168.1.97,7,502,
100,LP3/2-LTG-H,3,,DML-3-H,192.168.1.97,8,502,
101,EDB3-H,3,EDB3-H(DM),DML-3-H,192.168.1.97,9,502,
102,EP3/1-H,3,EDB3-H(DM),DML-3-H,192.168.1.97,10,502,
103,EP3/2-H,3,EDB3-H(DM),DML-3-H,192.168.1.97,11,502,
104,EP3/3-H,3,EDB3-H(DM),DML-3-H,192.168.1.97,12,502,
105,EP3/4-H,3,EDB3-H(DM),DML-3-H,192.168.1.97,13,502,
106,EP3/4-LTG-H,3,,DML-3-H,192.168.1.97,14,502,
107,DB4-H,4,DB4-H(DM),DML-4-H,192.168.1.97,15,502,
108,LP4/1-H,4,DB4-H(DM),DML-4-H,192.168.1.97,16,502,
109,LP4/2-H,4,DB4-H(DM),DML-4-H,192.168.1.97,17,502,
110,LP4/3-H,4,DB4-H(DM),DML-4-H,192.168.1.97,18,502,
111,LP4/4-H,4,DB4-H(DM),DML-4-H,192.168.1.97,19,502,
112,LP4/5-H,4,DB4-H(DM),DML-4-H,192.168.1.97,20,502,
113,LP4/1-LTG-H,4,,DML-4-H,192.168.1.97,21,502,
114,LP4/2-LTG-H,4,,DML-4-H,192.168.1.97,22,502,
115,EDB4-H,4,EDB4-H(DM),DML-4-H,192.168.1.97,23,502,
116,EP4/1-H,4,EDB4-H(DM),DML-4-H,192.168.1.97,24,502,
117,EP4/2-H,4,EDB4-H(DM),DML-4-H,192.168.1.97,25,502,
118,EP4/3-H,4,EDB4-H(DM),DML-4-H,192.168.1.97,26,502,
119,EP4/4-H,4,EDB4-H(DM),DML-4-H,192.168.1.97,27,502,
120,EP4/1-LTG-H,4,,DML-4-H,192.168.1.97,28,502,
121,EP4/2-LTG-H,4,,DML-4-H,192.168.1.97,29,502,
122,EP4/4-LTG-H,4,,DML-4-H,192.168.1.97,30,502,
123,DB5-H,5,DB5-H(DM),DML-5-H,192.168.1.96,1,502,
124,LP5/1-H,5,DB5-H(DM),DML-5-H,192.168.1.96,2,502,
125,LP5/2-H,5,DB5-H(DM),DML-5-H,192.168.1.96,3,502,
126,LP5/3-H,5,DB5-H(DM),DML-5-H,192.168.1.96,4,502,
127,LP5/4-H,5,DB5-H(DM),DML-5-H,192.168.1.96,5,502,
128,LP5/5-H,5,DB5-H(DM),DML-5-H,192.168.1.96,6,502,
129,LP5/1-LTG-H,5,,DML-5-H,192.168.1.96,7,502,
130,LP5/2-LTG-H,5,,DML-5-H,192.168.1.96,8,502,
131,EDB5-H,5,EDB5-H(DM),DML-5-H,192.168.1.96,9,502,
132,EP5/1-H,5,EDB5-H(DM),DML-5-H,192.168.1.96,10,502,
133,EP5/2-H,5,EDB5-H(DM),DML-5-H,192.168.1.96,11,502,
134,EP5/3-H,5,EDB5-H(DM),DML-5-H,192.168.1.96,12,502,
135,EP5/4-H,5,EDB5-H(DM),DML-5-H,192.168.1.96,13,502,
136,EP5/2-LTG-H,5,,DML-5-H,192.168.1.96,14,502,
137,EP5/4-LTG-H,5,,DML-5-H,192.168.1.96,15,502,
138,DB5-OAU,5,DB5-OAU(DM),DML-5-H,192.168.1.96,16,502,
139,LP4-OAU,5,DB5-OAU(DM),DML-5-H,192.168.1.96,17,502,
140,LP5-OAU,5,DB5-OAU(DM),DML-5-H,192.168.1.96,18,502,
141,LP6/1-OAU,5,DB5-OAU(DM),DML-5-H,192.168.1.96,19,502,
142,LP6/2-OAU,5,DB5-OAU(DM),DML-5-H,192.168.1.96,20,502,
143,DB6-H,6,DB6-H(DM),DML-6-H,192.168.1.96,21,502,
144,LP6/1-H,6,DB6-H(DM),DML-6-H,192.168.1.96,22,502,
145,LP6/2-H,6,DB6-H(DM),DML-6-H,192.168.1.96,23,502,
146,LP6/3-H,6,DB6-H(DM),DML-6-H,192.168.1.96,24,502,
147,LP6/4-H,6,DB6-H(DM),DML-6-H,192.168.1.96,25,502,
148,LP6/5-H,6,DB6-H(DM),DML-6-H,192.168.1.96,26,502,
149,LP6/6-H,6,DB6-H(DM),DML-6-H,192.168.1.96,27,502,
150,LP6/1-LTG-H,6,,DML-6-H,192.168.1.96,28,502,
151,LP6/2-LTG-H,6,,DML-6-H,192.168.1.96,29,502,
152,LP6/5-LTG-H,6,,DML-6-H,192.168.1.96,30,502,
153,LP6/6-LTG-H,6,,DML-6-H,192.168.1.96,31,502,
154,EDB6-H,6,EDB6-H(DM),DML-6-H,192.168.1.96,32,502,
155,EP6/1-H,6,EDB6-H(DM),DML-6-H,192.168.1.96,33,502,
156,EP6/2-H,6,EDB6-H(DM),DML-6-H,192.168.1.96,34,502,
157,EP6/3-H,6,EDB6-H(DM),DML-6-H,192.168.1.96,35,502,
158,EP6/4-H,6,EDB6-H(DM),DML-6-H,192.168.1.96,36,502,
159,EP6/5-H,6,EDB6-H(DM),DML-6-H,192.168.1.96,37,502,
160,EP6/6-H,6,EDB6-H(DM),DML-6-H,192.168.1.96,38,502,
161,EP6/2-LTG-H,6,,DML-6-H,192.168.1.96,39,502,
162,EP6/5-LTG-H,6,,DML-6-H,192.168.1.96,40,502,
163,EP6/6-LTG-H,6,,DML-6-H,192.168.1.96,41,502,
164,DB7-H,7,DB7-H(DM),DML-7-H,192.168.1.95,1,502,
165,LP7/1-H,7,DB7-H(DM),DML-7-H,192.168.1.95,2,502,
166,LP7/2-H,7,DB7-H(DM),DML-7-H,192.168.1.95,3,502,
167,LP7/3-H,7,DB7-H(DM),DML-7-H,192.168.1.95,4,502,
168,LP7/4-H,7,DB7-H(DM),DML-7-H,192.168.1.95,5,502,
169,LP7/5-H,7,DB7-H(DM),DML-7-H,192.168.1.95,6,502,
170,LP7/6-H,7,DB7-H(DM),DML-7-H,192.168.1.95,7,502,
171,LP7/1-LTG-H,7,,DML-7-H,192.168.1.95,8,502,
172,LP7/2-LTG-H,7,,DML-7-H,192.168.1.95,9,502,
173,LP7/3-LTG-H,7,,DML-7-H,192.168.1.95,10,502,
174,LP7/4-LTG-H,7,,DML-7-H,192.168.1.95,11,502,
175,LP7/5-LTG-H,7,,DML-7-H,192.168.1.95,12,502,
176,LP7/6-LTG-H,7,,DML-7-H,192.168.1.95,13,502,
177,EDB7-H,7,EDB7-H(DM),DML-7-H,192.168.1.95,14,502,
178,EP7/1-H,7,EDB7-H(DM),DML-7-H,192.168.1.95,15,502,
179,EP7/2-H,7,EDB7-H(DM),DML-7-H,192.168.1.95,16,502,
180,EP7/3-H,7,EDB7-H(DM),DML-7-H,192.168.1.95,17,502,
181,EP7/4-H,7,EDB7-H(DM),DML-7-H,192.168.1.95,18,502,
182,EP7/5-H,7,EDB7-H(DM),DML-7-H,192.168.1.95,19,502,
183,EP7/6-H,7,EDB7-H(DM),DML-7-H,192.168.1.95,20,502,
184,EP7/2-LTG-H,7,,DML-7-H,192.168.1.95,21,502,
185,EP7/3-LTG-H,7,,DML-7-H,192.168.1.95,22,502,
186,EP7/4-LTG-H,7,,DML-7-H,192.168.1.95,23,502,
187,EP7/5-LTG-H,7,,DML-7-H,192.168.1.95,24,502,
188,EP7/6-LTG-H,7,,DML-7-H,192.168.1.95,25,502,
189,DB8-H,8,DB8-H(DM),DML-8-H,192.168.1.95,26,502,
190,LP8/1-H,8,DB8-H(DM),DML-8-H,192.168.1.95,27,502,
191,LP8/2-H,8,DB8-H(DM),DML-8-H,192.168.1.95,28,502,
192,LP8/3-H,8,DB8-H(DM),DML-8-H,192.168.1.95,29,502,
193,LP8/4-H,8,DB8-H(DM),DML-8-H,192.168.1.95,30,502,
194,LP8/5-H,8,DB8-H(DM),DML-8-H,192.168.1.95,31,502,
195,LP8/6-H,8,DB8-H(DM),DML-8-H,192.168.1.95,32,502,
196,LP8/1-LTG-H,8,,DML-8-H,192.168.1.95,33,502,
197,LP8/2-LTG-H,8,,DML-8-H,192.168.1.95,34,502,
198,LP8/3-LTG-H,8,,DML-8-H,192.168.1.95,35,502,
199,LP8/4-LTG-H,8,,DML-8-H,192.168.1.95,36,502,
200,LP8/7-H,8,,DML-8-H,192.168.1.95,37,502,
201,EDB8-H,8,EDB8-H(DM),DML-8-H,192.168.1.95,38,502,
202,EP8/1-H,8,EDB8-H(DM),DML-8-H,192.168.1.95,39,502,
203,EP8/2-H,8,EDB8-H(DM),DML-8-H,192.168.1.95,40,502,
204,EP8/3-H,8,EDB8-H(DM),DML-8-H,192.168.1.95,41,502,
205,EP8/4-H,8,EDB8-H(DM),DML-8-H,192.168.1.95,42,502,
206,EP8/5-H,8,EDB8-H(DM),DML-8-H,192.168.1.95,43,502,
207,EP8/6-H,8,EDB8-H(DM),DML-8-H,192.168.1.95,44,502,
208,EP8/2-LTG-H,8,,DML-8-H,192.168.1.95,45,502,
209,EP8/3-LTG-H,8,,DML-8-H,192.168.1.95,46,502,
210,EP8/4-LTG-H,8,,DML-8-H,192.168.1.95,47,502,
211,DB8-OAU,8,DB8-OAU(DM),DML-8-H,192.168.1.95,48,502,
212,LP7-OAU,8,DB8-OAU(DM),DML-8-H,192.168.1.95,49,502,
213,LP8-OAU,8,DB8-OAU(DM),DML-8-H,192.168.1.95,50,502,
214,LP9-OAU,8,DB8-OAU(DM),DML-8-H,192.168.1.95,51,502,
215,LP10-OAU,8,DB8-OAU(DM),DML-8-H,192.168.1.95,52,502,
216,DB9-H,9,DB9-H(DM),DML-9-H,192.168.1.94,1,502,
217,LP9/1-H,9,DB9-H(DM),DML-9-H,192.168.1.94,2,502,
218,LP9/2-H,9,DB9-H(DM),DML-9-H,192.168.1.94,3,502,
219,LP9/3-H,9,DB9-H(DM),DML-9-H,192.168.1.94,4,502,
220,LP9/4-H,9,DB9-H(DM),DML-9-H,192.168.1.94,5,502,
221,LP9/5-H,9,DB9-H(DM),DML-9-H,192.168.1.94,6,502,
222,LP9/6-H,9,DB9-H(DM),DML-9-H,192.168.1.94,7,502,
223,LP9/1-LTG-H,9,,DML-9-H,192.168.1.94,8,502,
224,LP9/2-LTG-H,9,,DML-9-H,192.168.1.94,9,502,
225,LP9/3-LTG-H,9,,DML-9-H,192.168.1.94,10,502,
226,LP9/4-LTG-H,9,,DML-9-H,192.168.1.94,11,502,
227,LP9/5-LTG-H,9,,DML-9-H,192.168.1.94,12,502,
228,LP9/6-LTG-H,9,,DML-9-H,192.168.1.94,13,502,
229,EDB9-H,9,EDB9-H(DM),DML-9-H,192.168.1.94,14,502,
230,EP9/1-H,9,EDB9-H(DM),DML-9-H,192.168.1.94,15,502,
231,EP9/2-H,9,EDB9-H(DM),DML-9-H,192.168.1.94,16,502,
232,EP9/3-H,9,EDB9-H(DM),DML-9-H,192.168.1.94,17,502,
233,EP9/4-H,9,EDB9-H(DM),DML-9-H,192.168.1.94,18,502,
234,EP9/5-H,9,EDB9-H(DM),DML-9-H,192.168.1.94,19,502,
235,EP9/6-H,9,EDB9-H(DM),DML-9-H,192.168.1.94,20,502,
236,EP9/3-LTG-H,9,,DML-9-H,192.168.1.94,21,502,
237,EP9/4-LTG-H,9,,DML-9-H,192.168.1.94,22,502,
238,EP9/5-LTG-H,9,,DML-9-H,192.168.1.94,23,502,
239,EP9/6-LTG-H,9,,DML-9-H,192.168.1.94,24,502,
240,DB10-H,10,DB10-H(DM),DML-10-H,192.168.1.94,25,502,
241,LP10/1-H,10,DB10-H(DM),DML-10-H,192.168.1.94,26,502,
242,LP10/2-H,10,DB10-H(DM),DML-10-H,192.168.1.94,27,502,
243,LP10/3-H,10,DB10-H(DM),DML-10-H,192.168.1.94,28,502,
244,LP10/4-H,10,DB10-H(DM),DML-10-H,192.168.1.94,29,502,
245,LP10/5-H,10,DB10-H(DM),DML-10-H,192.168.1.94,30,502,
246,LP10/1-LTG-H,10,,DML-10-H,192.168.1.94,31,502,
247,LP10/2-LTG-H,10,,DML-10-H,192.168.1.94,32,502,
248,LP10/3-LTG-H,10,,DML-10-H,192.168.1.94,33,502,
249,EDB10-H,10,EDB10-H(DM),DML-10-H,192.168.1.94,34,502,
250,EP10/1-H,10,EDB10-H(DM),DML-10-H,192.168.1.94,35,502,
251,EP10/2-H,10,EDB10-H(DM),DML-10-H,192.168.1.94,36,502,
252,EP10/3-H,10,EDB10-H(DM),DML-10-H,192.168.1.94,37,502,
253,EP10/4-H,10,EDB10-H(DM),DML-10-H,192.168.1.94,38,502,
254,EP10/2-LTG-H,10,,DML-10-H,192.168.1.94,39,502,
255,EP10/3-LTG-H,10,,DML-10-H,192.168.1.94,40,502,
256,EP10/4-LTG-H,10,,DML-10-H,192.168.1.94,41,502,
257,DBC10-H,10,,DML-10-H,192.168.1.94,42,502,
258,DB11-H,11,DB11-H(DM),DML-11-H,192.168.1.93,1,502,
259,LP11/1-H,11,DB11-H(DM),DML-11-H,192.168.1.93,2,502,
260,LP11/2-H,11,DB11-H(DM),DML-11-H,192.168.1.93,3,502,
261,LP11/3-H,11,DB11-H(DM),DML-11-H,192.168.1.93,4,502,
262,LP11/4-H,11,DB11-H(DM),DML-11-H,192.168.1.93,5,502,
263,LP11/5-H,11,DB11-H(DM),DML-11-H,192.168.1.93,6,502,
264,LP11/1-LTG-H,11,,DML-11-H,192.168.1.93,7,502,
265,LP11/2-LTG-H,11,,DML-11-H,192.168.1.93,8,502,
267,LP11/4-LTG-H,11,,DML-11-H,192.168.1.93,9,502,
268,LP11/5-LTG-H,11,,DML-11-H,192.168.1.93,10,502,
269,EDB11-H,11,EDB11-H(DM),DML-11-H,192.168.1.93,11,502,
270,EP11/1-H,11,EDB11-H(DM),DML-11-H,192.168.1.93,12,502,
271,EP11/2-H,11,EDB11-H(DM),DML-11-H,192.168.1.93,13,502,
272,EP11/3-H,11,EDB11-H(DM),DML-11-H,192.168.1.93,14,502,
273,EP11/4-H,11,EDB11-H(DM),DML-11-H,192.168.1.93,15,502,
274,EP11/5-H,11,EDB11-H(DM),DML-11-H,192.168.1.93,16,502,
275,EP11/2-LTG-H,11,,DML-11-H,192.168.1.93,17,502,
276,EP11/3-LTG-H,11,,DML-11-H,192.168.1.93,18,502,
277,EP11/4-LTG-H,11,,DML-11-H,192.168.1.93,19,502,
278,EP11/5-LTG-H,11,,DML-11-H,192.168.1.93,20,502,
279,EDBOR11-H,11,,DML-11-H,192.168.1.93,21,502,
280,LP12/1-H,12,,DML-12-H,192.168.1.93,22,502,
281,LP12/1-LTG-H,12,,DML-12-H,192.168.1.93,23,502,
282,EDB12-H,12,EDB12-H(DM),DML-12-H,192.168.1.93,24,502,
283,EP12/1-H,12,EDB12-H(DM),DML-12-H,192.168.1.93,25,502,
284,EP12/2-H,12,EDB12-H(DM),DML-12-H,192.168.1.93,26,502,
285,EP12/3-H,12,EDB12-H(DM),DML-12-H,192.168.1.93,27,502,
286,EDBOR12/2-H,12,,DML-12-H,192.168.1.93,28,502,
287,EDB0R12/1-H,12,,DML-12-H,192.168.1.93,29,502,
288,DB12-OAU,12,DB12-OAU(DM),DML-12-H,192.168.1.93,30,502,
289,LP11-OAU,12,DB12-OAU(DM),DML-12-H,192.168.1.93,31,502,
290,LP12-OAU,12,DB12-OAU(DM),DML-12-H,192.168.1.93,32,502,
291,LP13-OAU,12,DB12-OAU(DM),DML-12-H,192.168.1.93,33,502,
292,LP14-OAU,12,DB12-OAU(DM),DML-12-H,192.168.1.93,34,502,
293,DB13-H,13,DB13-H(DM),DML-13-H,192.168.1.93,55,502,
294,LP13/1-H,13,DB13-H(DM),DML-13-H,192.168.1.93,56,502,
295,LP13/2-H,13,DB13-H(DM),DML-13-H,192.168.1.93,57,502,
296,LP13/3-H,13,DB13-H(DM),DML-13-H,192.168.1.93,58,502,
297,LP13/4-H,13,DB13-H(DM),DML-13-H,192.168.1.93,59,502,
298,LP13/1-LTG-H,13,,DML-13-H,192.168.1.93,24,502,
299,LP13/4-LTG-H,13,,DML-13-H,192.168.1.93,30,502,
300,EDB13/1-H,13,EDB13/1-H(DM),DML-13-H,192.168.1.92,37,502,
301,EP13/1-H,13,EDB13/1-H(DM),DML-13-H,192.168.1.92,20,502,
302,EP13/2-H,13,EDB13/1-H(DM),DML-13-H,192.168.1.92,21,502,
303,EP13/3-H,13,EDB13/1-H(DM),DML-13-H,192.168.1.92,22,502,
304,EPL13-H,13,EDB13/1-H(DM),DML-13-H,192.168.1.92,23,502,
305,EP13/2-LTG-H,13,,DML-13-H,192.168.1.92,25,502,
306,EP13/3-LTG-H,13,,DML-13-H,192.168.1.92,26,502,
307,EDB13/2H,13,EDB13/2-H(DM),DML-13-H,192.168.1.92,27,502,
308,EP13/4-H,13,EDB13/2-H(DM),DML-13-H,192.168.1.92,28,502,
309,EP13/5-H,13,EDB13/2-H(DM),DML-13-H,192.168.1.92,29,502,
310,EDB13U-H,13,EDB13U-H(DM),DML-13-H,192.168.1.92,1,502,
311,ISP11/1-H,13,EDB13U-H(DM),DML-13-H,192.168.1.92,2,502,
312,ISP11/2-H,13,EDB13U-H(DM),DML-13-H,192.168.1.92,3,502,
313,ISP11/3-H,13,EDB13U-H(DM),DML-13-H,192.168.1.92,4,502,
314,ISP11/4-H,13,EDB13U-H(DM),DML-13-H,192.168.1.92,5,502,
315,ISP13/1-H,13,EDB13U-H(DM),DML-13-H,192.168.1.92,6,502,
316,ISP13/2-H,13,EDB13U-H(DM),DML-13-H,192.168.1.92,7,502,
317,ISP13/3-H,13,EDB13U-H(DM),DML-13-H,192.168.1.92,8,502,
318,ISP13/4-H,13,EDB13U-H(DM),DML-13-H,192.168.1.92,9,502,
319,ISP13/5-H,13,EDB13U-H(DM),DML-13-H,192.168.1.92,10,502,
320,ISP13/6-H,13,EDB13U-H(DM),DML-13-H,192.168.1.92,11,502,
321,ISP14/1-H,13,EDB13U-H(DM),DML-13-H,192.168.1.92,12,502,
322,ISP14/2-H,13,EDB13U-H(DM),DML-13-H,192.168.1.92,13,502,
323,ISP14/3-H,13,EDB13U-H(DM),DML-13-H,192.168.1.92,14,502,
324,ISP14/4-H,13,EDB13U-H(DM),DML-13-H,192.168.1.92,15,502,
325,ISP14/5-H,13,EDB13U-H(DM),DML-13-H,192.168.1.92,16,502,
326,ISP14/6-H,13,EDB13U-H(DM),DML-13-H,192.168.1.92,17,502,
327,EP14U-H,13,EDB13U-H(DM),DML-13-H,192.168.1.92,18,502,
328,DB14-H,14,DB14-H(DM),DML-14-H,192.168.1.92,31,502,
329,LP14/1-H,14,DB14-H(DM),DML-14-H,192.168.1.92,32,502,
330,LP14/2-H,14,DB14-H(DM),DML-14-H,192.168.1.92,33,502,
331,LP14/3-H,14,DB14-H(DM),DML-14-H,192.168.1.92,34,502,
332,LP14/4-H,14,DB14-H(DM),DML-14-H,192.168.1.92,35,502,
333,LP14/5-H,14,DB14-H(DM),DML-14-H,192.168.1.92,36,502,
334,LP14/6-H,14,DB14-H(DM),DML-14-H,192.168.1.92,37,502,
335,LP14/1-LTG-H,14,,DML-14-H,192.168.1.92,38,502,
336,LP14/2-LTG-H,14,,DML-14-H,192.168.1.92,39,502,
337,LP14/3-LTG-H,14,,DML-14-H,192.168.1.92,40,502,
338,LP14/4-LTG-H,14,,DML-14-H,192.168.1.92,41,502,
339,EDB14-H,14,EDB14-H(DM),DML-14-H,192.168.1.92,42,502,
340,EP14/1-H,14,EDB14-H(DM),DML-14-H,192.168.1.92,43,502,
341,EP14/2-H,14,EDB14-H(DM),DML-14-H,192.168.1.92,44,502,
342,EP14/3-H,14,EDB14-H(DM),DML-14-H,192.168.1.92,45,502,
343,EP14/4-H,14,EDB14-H(DM),DML-14-H,192.168.1.92,46,502,
344,EP14/5-H,14,EDB14-H(DM),DML-14-H,192.168.1.92,47,502,
345,EP14/6-H,14,EDB14-H(DM),DML-14-H,192.168.1.92,48,502,
346,EP14/2-LTG-H,14,,DML-14-H,192.168.1.92,50,502,
347,EP14/3-LTG-H,14,,DML-14-H,192.168.1.92,51,502,
348,EP14/4-LTG-H,14,,DML-14-H,192.168.1.92,52,502,
349,EP14/5-LTG-H,14,,DML-14-H,192.168.1.92,53,502,
350,EP14/6-LTG-H,14,,DML-14-H,192.168.1.92,54,502,
351,DB15-H,15,DB15-H(DM),DML-15-H,192.168.1.91,1,502,
352,LP15/1-H,15,DB15-H(DM),DML-15-H,192.168.1.91,2,502,
353,LP15/2-H,15,DB15-H(DM),DML-15-H,192.168.1.91,3,502,
354,LP15/3-H,15,DB15-H(DM),DML-15-H,192.168.1.91,4,502,
355,LP15/4-H,15,DB15-H(DM),DML-15-H,192.168.1.91,5,502,
356,LP15/5-H,15,DB15-H(DM),DML-15-H,192.168.1.91,6,502,
357,LP15/1-LTG-H,15,,DML-15-H,192.168.1.91,7,502,
358,LP15/2-LTG-H,15,,DML-15-H,192.168.1.91,8,502,
359,LP15/3-LTG-H,15,,DML-15-H,192.168.1.91,9,502,
360,LP15/4-LTG-H,15,,DML-15-H,192.168.1.91,10,502,
361,LP15/5-LTG-H,15,,DML-15-H,192.168.1.91,11,502,
362,EDB15-H,15,EDB15-H(DM),DML-15-H,192.168.1.91,12,502,
363,EP15/1-H,15,EDB15-H(DM),DML-15-H,192.168.1.91,13,502,
364,EP15/2-H,15,EDB15-H(DM),DML-15-H,192.168.1.91,14,502,
365,EP15/3-H,15,EDB15-H(DM),DML-15-H,192.168.1.91,15,502,
366,EP15/4-H,15,EDB15-H(DM),DML-15-H,192.168.1.91,16,502,
367,EP15/5-H,15,EDB15-H(DM),DML-15-H,192.168.1.91,17,502,
368,EP15/2-LTG-H,15,,DML-15-H,192.168.1.91,18,502,
369,EP15/3-LTG-H,15,,DML-15-H,192.168.1.91,19,502,
370,EP15/4-LTG-H,15,,DML-15-H,192.168.1.91,20,502,
371,EP15/5-LTG-H,15,,DML-15-H,192.168.1.91,21,502,
372,DB16-H,16,DB16-H(DM),DML-16-H,192.168.1.91,22,502,
373,LP16/1-H,16,DB16-H(DM),DML-16-H,192.168.1.91,23,502,
374,LP16/2-H,16,DB16-H(DM),DML-16-H,192.168.1.91,24,502,
375,EP16-H,16,,DML-16-H,192.168.1.91,25,502,
376,EP16-LTG-H,16,,DML-16-H,192.168.1.91,26,502,
377,DB16-OAU,16,DB16-OAU(DM),DML-16-H,192.168.1.91,27,502,
378,LP15-OAU,16,DB16-OAU(DM),DML-16-H,192.168.1.91,28,502,
379,LP16-OAU,16,DB16-OAU(DM),DML-16-H,192.168.1.91,29,502,
380,LP17-OAU,16,DB16-OAU(DM),DML-16-H,192.168.1.91,30,502,
381,DB17-H,17,DB17-H(DM),DML-16-H,192.168.1.91,31,502,
382,LP17/1-H,17,DB17-H(DM),DML-16-H,192.168.1.91,32,502,
383,LP17/2-H,17,DB17-H(DM),DML-16-H,192.168.1.91,33,502,
384,EDB17-H,17,EDB17-H(DM),DML-16-H,192.168.1.91,34,502,
385,EP17/1-H,17,EDB17-H(DM),DML-16-H,192.168.1.91,35,502,
386,EP17/2-H,17,EDB17-H(DM),DML-16-H,192.168.1.91,36,502,
387,EPL17-H,17,,DML-16-H,192.168.1.91,37,502,
388,DB18-H,18,DB18-H(DM),DML-17-H,192.168.1.90,1,502,
389,LP18/1-H,18,DB18-H(DM),DML-17-H,192.168.1.90,2,502,
390,LP18/2-H,18,DB18-H(DM),DML-17-H,192.168.1.90,3,502,
391,LP18/3-H,18,DB18-H(DM),DML-17-H,192.168.1.90,4,502,
392,LP18/4-H,18,DB18-H(DM),DML-17-H,192.168.1.90,5,502,
393,LP18/5-H,18,DB18-H(DM),DML-17-H,192.168.1.90,6,502,
394,LP18/6-H,18,DB18-H(DM),DML-17-H,192.168.1.90,7,502,
395,EDB18-H,18,EDB18-H(DM),DML-17-H,192.168.1.90,8,502,
396,EP18/1-H,18,EDB18-H(DM),DML-17-H,192.168.1.90,9,502,
397,EP18/2-H,18,EDB18-H(DM),DML-17-H,192.168.1.90,10,502,
398,EP18/3-H,18,EDB18-H(DM),DML-17-H,192.168.1.90,11,502,
399,EP18/4-H,18,EDB18-H(DM),DML-17-H,192.168.1.90,12,502,
400,EP18/5-H,18,EDB18-H(DM),DML-17-H,192.168.1.90,13,502,
401,DB19-H,19,DB19-H(DM),DML-17-H,192.168.1.90,14,502,
402,LP19/1-H,19,DB19-H(DM),DML-17-H,192.168.1.90,15,502,
403,LP19/2-H,19,DB19-H(DM),DML-17-H,192.168.1.90,16,502,
404,LP19/3-H,19,DB19-H(DM),DML-17-H,192.168.1.90,17,502,
405,LP19/4-H,19,DB19-H(DM),DML-17-H,192.168.1.90,18,502,
406,LP19/5-H,19,DB19-H(DM),DML-17-H,192.168.1.90,19,502,
407,LP19/6-H,19,DB19-H(DM),DML-17-H,192.168.1.90,20,502,
408,EDB19-H,19,EDB19-H(DM),DML-17-H,192.168.1.90,21,502,
409,EP19/1-H,19,EDB19-H(DM),DML-17-H,192.168.1.90,22,502,
410,EP19/2-H,19,EDB19-H(DM),DML-17-H,192.168.1.90,23,502,
411,EP19/3-H,19,EDB19-H(DM),DML-17-H,192.168.1.90,24,502,
412,EP19/4-H,19,EDB19-H(DM),DML-17-H,192.168.1.90,25,502,
413,EP19/5-H,19,EDB19-H(DM),DML-17-H,192.168.1.90,26,502,
414,DB20-H,20,DB20-H(DM),DML-18-H,192.168.1.90,27,502,
415,LP20/1-H,20,DB20-H(DM),DML-18-H,192.168.1.90,28,502,
416,LP20/2-H,20,DB20-H(DM),DML-18-H,192.168.1.90,29,502,
417,LP20/3-H,20,DB20-H(DM),DML-18-H,192.168.1.90,30,502,
418,LP20/4-H,20,DB20-H(DM),DML-18-H,192.168.1.90,31,502,
419,LP20/5-H,20,DB20-H(DM),DML-18-H,192.168.1.90,32,502,
420,LP20/6-H,20,DB20-H(DM),DML-18-H,192.168.1.90,33,502,
421,EDB20-H,20,EDB20-H(DM),DML-18-H,192.168.1.90,34,502,
422,EP20/1-H,20,EDB20-H(DM),DML-18-H,192.168.1.90,35,502,
423,EP20/2-H,20,EDB20-H(DM),DML-18-H,192.168.1.90,36,502,
424,EP20/3-H,20,EDB20-H(DM),DML-18-H,192.168.1.90,37,502,
425,EP20/4-H,20,EDB20-H(DM),DML-18-H,192.168.1.90,38,502,
426,EP20/5-H,20,EDB20-H(DM),DML-18-H,192.168.1.90,39,502,
427,DB21-H,21,DB21-H(DM),DML-18-H,192.168.1.90,40,502,
428,LP21/1-H,21,DB21-H(DM),DML-18-H,192.168.1.90,41,502,
429,LP21/2-H,21,DB21-H(DM),DML-18-H,192.168.1.90,42,502,
430,LP21/3-H,21,DB21-H(DM),DML-18-H,192.168.1.90,43,502,
431,LP21/4-H,21,DB21-H(DM),DML-18-H,192.168.1.90,44,502,
432,LP21/5-H,21,DB21-H(DM),DML-18-H,192.168.1.90,45,502,
433,LP21/6-H,21,DB21-H(DM),DML-18-H,192.168.1.90,46,502,
434,EDB21-H,21,EDB21-H(DM),DML-18-H,192.168.1.90,47,502,
435,EP21/1-H,21,EDB21-H(DM),DML-18-H,192.168.1.90,48,502,
436,EP21/2-H,21,EDB21-H(DM),DML-18-H,192.168.1.90,49,502,
437,EP21/3-H,21,EDB21-H(DM),DML-18-H,192.168.1.90,50,502,
438,EP21/4-H,21,EDB21-H(DM),DML-18-H,192.168.1.90,51,502,
439,EP21/5-H,21,EDB21-H(DM),DML-18-H,192.168.1.90,52,502,
440,DB22-H,22,DB22-H(DM),DML-19-H,192.168.1.89,1,502,
441,LP22/1-H,22,DB22-H(DM),DML-19-H,192.168.1.89,2,502,
442,LP22/2-H,22,DB22-H(DM),DML-19-H,192.168.1.89,3,502,
443,LP22/3-H,22,DB22-H(DM),DML-19-H,192.168.1.89,4,502,
444,LP22/4-H,22,DB22-H(DM),DML-19-H,192.168.1.89,5,502,
445,LP22/5-H,22,DB22-H(DM),DML-19-H,192.168.1.89,6,502,
446,LP22/6-H,22,DB22-H(DM),DML-19-H,192.168.1.89,7,502,
447,EDB22-H,22,EDB22-H(DM),DML-19-H,192.168.1.89,8,502,
448,EP22/1-H,22,EDB22-H(DM),DML-19-H,192.168.1.89,9,502,
449,EP22/2-H,22,EDB22-H(DM),DML-19-H,192.168.1.89,10,502,
450,EP22/3-H,22,EDB22-H(DM),DML-19-H,192.168.1.89,11,502,
451,EP22/4-H,22,EDB22-H(DM),DML-19-H,192.168.1.89,12,502,
452,EP22/5-H,22,EDB22-H(DM),DML-19-H,192.168.1.89,13,502,
453,DB23-H,23,DB23-H(DM),DML-19-H,192.168.1.89,14,502,
454,LP23/1-H,23,DB23-H(DM),DML-19-H,192.168.1.89,15,502,
455,LP23/2-H,23,DB23-H(DM),DML-19-H,192.168.1.89,16,502,
456,LP23/3-H,23,DB23-H(DM),DML-19-H,192.168.1.89,17,502,
457,LP23/4-H,23,DB23-H(DM),DML-19-H,192.168.1.89,18,502,
458,LP23/5-H,23,DB23-H(DM),DML-19-H,192.168.1.89,19,502,
459,LP23/6-H,23,DB23-H(DM),DML-19-H,192.168.1.89,20,502,
460,EDB23-H,23,EDB23-H(DM),DML-19-H,192.168.1.89,21,502,
461,EP23/1-H,23,EDB23-H(DM),DML-19-H,192.168.1.89,22,502,
462,EP23/2-H,23,EDB23-H(DM),DML-19-H,192.168.1.89,23,502,
463,EP23/3-H,23,EDB23-H(DM),DML-19-H,192.168.1.89,24,502,
464,EP23/4-H,23,EDB23-H(DM),DML-19-H,192.168.1.89,25,502,
465,EP23/5-H,23,EDB23-H(DM),DML-19-H,192.168.1.89,26,502,
466,DB24-H,24,DB24-H(DM),DML-20-H,192.168.1.89,27,502,
467,LP24/1-H,24,DB24-H(DM),DML-20-H,192.168.1.89,28,502,
468,LP24/2-H,24,DB24-H(DM),DML-20-H,192.168.1.89,29,502,
469,LP24/3-H,24,DB24-H(DM),DML-20-H,192.168.1.89,30,502,
470,LP24/4-H,24,DB24-H(DM),DML-20-H,192.168.1.89,31,502,
471,LP24/5-H,24,DB24-H(DM),DML-20-H,192.168.1.89,32,502,
472,LP24/6-H,24,DB24-H(DM),DML-20-H,192.168.1.89,33,502,
473,EDB24-H,24,EDB24-H(DM),DML-20-H,192.168.1.89,34,502,
474,EP24/1-H,24,EDB24-H(DM),DML-20-H,192.168.1.89,35,502,
475,EP24/2-H,24,EDB24-H(DM),DML-20-H,192.168.1.89,36,502,
476,EP24/3-H,24,EDB24-H(DM),DML-20-H,192.168.1.89,37,502,
477,EP24/4-H,24,EDB24-H(DM),DML-20-H,192.168.1.89,38,502,
478,EP24/5-H,24,EDB24-H(DM),DML-20-H,192.168.1.89,39,502,
479,DB25-H,25,DB25-H(DM),DML-20-H,192.168.1.89,40,502,
480,LP25/1-H,25,DB25-H(DM),DML-20-H,192.168.1.89,41,502,
481,LP25/2-H,25,DB25-H(DM),DML-20-H,192.168.1.89,42,502,
482,LP25/3-H,25,DB25-H(DM),DML-20-H,192.168.1.89,43,502,
483,LP25/4-H,25,DB25-H(DM),DML-20-H,192.168.1.89,44,502,
484,LP25/5-H,25,DB25-H(DM),DML-20-H,192.168.1.89,45,502,
485,LP25/6-H,25,DB25-H(DM),DML-20-H,192.168.1.89,46,502,
486,EDB25-H,25,EDB25-H(DM),DML-20-H,192.168.1.89,47,502,
487,EP25/1-H,25,EDB25-H(DM),DML-20-H,192.168.1.89,48,502,
488,EP25/2-H,25,EDB25-H(DM),DML-20-H,192.168.1.89,49,502,
489,EP25/3-H,25,EDB25-H(DM),DML-20-H,192.168.1.89,50,502,
490,EP25/4-H,25,EDB25-H(DM),DML-20-H,192.168.1.89,51,502,
491,EP25/5-H,25,EDB25-H(DM),DML-20-H,192.168.1.89,52,502,
492,DB26-H,26,DB26-H(DM),DML-21-H,192.168.1.87,37,502,
493,LP26/1-H,26,DB26-H(DM),DML-21-H,192.168.1.87,2,502,
494,LP26/2-H,26,DB26-H(DM),DML-21-H,192.168.1.87,3,502,
495,LP26/3-H,26,DB26-H(DM),DML-21-H,192.168.1.87,4,502,
496,LP26/4-H,26,DB26-H(DM),DML-21-H,192.168.1.87,5,502,
497,LP26/5-H,26,DB26-H(DM),DML-21-H,192.168.1.87,6,502,
498,LP26/6-H,26,DB26-H(DM),DML-21-H,192.168.1.87,7,502,
499,EDB26-H,26,EDB26-H(DM),DML-21-H,192.168.1.87,8,502,
500,EP26/1-H,26,EDB26-H(DM),DML-21-H,192.168.1.87,9,502,
501,EP26/2-H,26,EDB26-H(DM),DML-21-H,192.168.1.87,10,502,
502,EP26/3-H,26,EDB26-H(DM),DML-21-H,192.168.1.87,11,502,
503,EP26/4-H,26,EDB26-H(DM),DML-21-H,192.168.1.87,12,502,
504,EP26/5-H,26,EDB26-H(DM),DML-21-H,192.168.1.87,13,502,
505,EP26/6-H,26,EDB26-H(DM),DML-21-H,192.168.1.87,14,502,
506,EPL26-H,26,EDB26-H(DM),DML-21-H,192.168.1.87,15,502,
507,EPLR1-H,R,,DML-21-H,192.168.1.87,16,502,
508,ERLR2-H,R,,DML-21-H,192.168.1.87,17,502,